sku_id,sku_description,price,insert_timestamp_utc
795220,NON PADDED WIRED B,20.8,2025-04-30 08:28:31.604199+00:00
224076,Schwebetürenschran,968.71,2025-04-30 08:28:31.604199+00:00
1299572,Plissee,50.98,2025-04-30 08:28:31.604199+00:00
796663,Handtücher 2tlg.,40.44,2025-04-30 08:28:31.604199+00:00
1656789,Sommerreifen,197.91,2025-04-30 08:28:31.604199+00:00
1654824,Tafelservice,83.12,2025-04-30 08:28:31.604199+00:00
796151,Gardinenschiene,37.09,2025-04-30 08:28:31.604199+00:00
1848138,Lichterkette,28.24,2025-04-30 08:28:31.604199+00:00
1907433,Short Dres VMMENNY,18.18,2025-04-30 08:28:31.604199+00:00
1483124,Dampfbügeleisen FV,45.29,2025-04-30 08:28:31.604199+00:00
1860536,4-Fußstuhl,208.14,2025-04-30 08:28:31.604199+00:00
1745298,Badetuch 1tlg.,27.34,2025-04-30 08:28:31.604199+00:00
1276550,Smash v2,34.73,2025-04-30 08:28:31.604199+00:00
361370,PIO T-Shirt 1/2,22.43,2025-04-30 08:28:31.604199+00:00
892079,"ECK,RECli,",1641.11,2025-04-30 08:28:31.604199+00:00
1623102,Jeans NMSALLIE,17.04,2025-04-30 08:28:31.604199+00:00
807134,H Steppweste,38.01,2025-04-30 08:28:31.604199+00:00
88729,Ring,23.26,2025-04-30 08:28:31.604199+00:00
163471,JJIALEX JJORIGINAL,29.81,2025-04-30 08:28:31.604199+00:00
753828,Style LTD QR Hope ,29.59,2025-04-30 08:28:31.604199+00:00
227969,Set Socke mit Tass,17.48,2025-04-30 08:28:31.604199+00:00
1283004,Kunstrasen 200/210,362.74,2025-04-30 08:28:31.604199+00:00
869271,Kettenschloss,14.31,2025-04-30 08:28:31.604199+00:00
942382,Unterschrank,488.89,2025-04-30 08:28:31.604199+00:00
1890784,Kunstblume 30,17.51,2025-04-30 08:28:31.604199+00:00
1704990,"SSO,2er,FKT",2051.11,2025-04-30 08:28:31.604199+00:00
1723718,CA Pro Classic,58.51,2025-04-30 08:28:31.604199+00:00
1289706,Winterreifen,186.43,2025-04-30 08:28:31.604199+00:00
429382,Pfanne,19.97,2025-04-30 08:28:31.604199+00:00
951677,Jeans SKINNY BOOTC,70.81,2025-04-30 08:28:31.604199+00:00
1776119,Automatikuhr,369.3,2025-04-30 08:28:31.604199+00:00
448592,Grip-Tape,15.74,2025-04-30 08:28:31.604199+00:00
690587,STAN SMITH,63.43,2025-04-30 08:28:31.604199+00:00
829638,Wandbild,55.23,2025-04-30 08:28:31.604199+00:00
598976,2PP LIGHT PADDED D,22.43,2025-04-30 08:28:31.604199+00:00
735146,Gardinenstange,125.1,2025-04-30 08:28:31.604199+00:00
394000,SCHIEBEGARDINE,43.1,2025-04-30 08:28:31.604199+00:00
88361,RIEKER-Winterboots,44.84,2025-04-30 08:28:31.604199+00:00
44024,Wandbild,39.65,2025-04-30 08:28:31.604199+00:00
1146886,T.HILFIGER-Sneaker,68.62,2025-04-30 08:28:31.604199+00:00
1522207,GANT KA HEMD,70.81,2025-04-30 08:28:31.604199+00:00
208092,PlugBug 50W  weiß,66.71,2025-04-30 08:28:31.604199+00:00
911042,ECK OTTre,4511.11,2025-04-30 08:28:31.604199+00:00
903600,LEROND PRO BL 23 1,87.21,2025-04-30 08:28:31.604199+00:00
1626688,Lederjacke G2MOcce,95.64,2025-04-30 08:28:31.604199+00:00
349975,WARREN 5 weißgrau,1790.76,2025-04-30 08:28:31.604199+00:00
1443623,FENSTERFOLIE,66.67,2025-04-30 08:28:31.604199+00:00
489640,"DTS,181",369.03,2025-04-30 08:28:31.604199+00:00
311244,Tapete 90x250 selb,30.64,2025-04-30 08:28:31.604199+00:00
1668659,Minislip 3PK,21.61,2025-04-30 08:28:31.604199+00:00
1320893,Gaming Headset Sch,101.33,2025-04-30 08:28:31.604199+00:00
1835724,Ecksofa Fkt,3436.91,2025-04-30 08:28:31.604199+00:00
1724367,VILLI SANDAL K,45.39,2025-04-30 08:28:31.604199+00:00
1159047,Sandale,50.31,2025-04-30 08:28:31.604199+00:00
1205298,Gardinenstange,163.81,2025-04-30 08:28:31.604199+00:00
722712,MERLIN - Beige - 2,1021.19,2025-04-30 08:28:31.604199+00:00
1205485,Teppich,764.53,2025-04-30 08:28:31.604199+00:00
48964,Besteck-Set,40.48,2025-04-30 08:28:31.604199+00:00
802385,"WLS,CLre",2431.67,2025-04-30 08:28:31.604199+00:00
51895,Charm-Einhänger,74.1,2025-04-30 08:28:31.604199+00:00
1216683,Bügel-Bandeau-Top ,39.65,2025-04-30 08:28:31.604199+00:00
530973,Bettwäsche 2tlg.,50.28,2025-04-30 08:28:31.604199+00:00
46339,Wandbild,74.91,2025-04-30 08:28:31.604199+00:00
1444486,Ecke Ott.re+FK,862.11,2025-04-30 08:28:31.604199+00:00
258898,"WLS,OTTre",1819.78,2025-04-30 08:28:31.604199+00:00
1874659,Rücklicht,29.81,2025-04-30 08:28:31.604199+00:00
494578,CTAS  1V EASY-ON H,38.01,2025-04-30 08:28:31.604199+00:00
1372059,TT Hip Pants 3er P,20.79,2025-04-30 08:28:31.604199+00:00
286368,Sandale,33.91,2025-04-30 08:28:31.604199+00:00
1844537,Elbsand casual soc,13.41,2025-04-30 08:28:31.604199+00:00
1114178,Kunstrasen COLORAD,780.11,2025-04-30 08:28:31.604199+00:00
383303,LV BELTS FLAT KEEP,28.99,2025-04-30 08:28:31.604199+00:00
102052,RC Audi R8 1:24,19.82,2025-04-30 08:28:31.604199+00:00
1029356,Sesselauflage nied,43.77,2025-04-30 08:28:31.604199+00:00
1566764,JJIMIKE JJORIGINAL,47.03,2025-04-30 08:28:31.604199+00:00
1935428,Winterreifen,221.69,2025-04-30 08:28:31.604199+00:00
577390,"Esstischplatte,180",221.78,2025-04-30 08:28:31.604199+00:00
922954,Soft-BH,50.31,2025-04-30 08:28:31.604199+00:00
812542,Printed Short Blou,36.37,2025-04-30 08:28:31.604199+00:00
1732064,VMCOCO L/S BOMBER ,29.81,2025-04-30 08:28:31.604199+00:00
437016,Wandbild,19.97,2025-04-30 08:28:31.604199+00:00
502803,Rasenteppich 200/2,500.5,2025-04-30 08:28:31.604199+00:00
999637,Bank,245.18,2025-04-30 08:28:31.604199+00:00
297069,GARDINE,55.23,2025-04-30 08:28:31.604199+00:00
1259122,Ampelschirm Malta ,984.14,2025-04-30 08:28:31.604199+00:00
1737469,JOOP Bikini-Hose,32.27,2025-04-30 08:28:31.604199+00:00
1924940,Cup B,42.11,2025-04-30 08:28:31.604199+00:00
955296,ONLVAL S/S O-NECK ,14.23,2025-04-30 08:28:31.604199+00:00
604644,"GESTEL,120/200",288.11,2025-04-30 08:28:31.604199+00:00
202083,Inhalator IH 26,48.32,2025-04-30 08:28:31.604199+00:00
337795,Jeans,50.31,2025-04-30 08:28:31.604199+00:00
672024,Petite Fleur Contr,27.35,2025-04-30 08:28:31.604199+00:00
396361,2861035 Rock,55.54,2025-04-30 08:28:31.604199+00:00
299385,Ganzjahresreifen,223.33,2025-04-30 08:28:31.604199+00:00
1188260,Gardinenschiene,23.42,2025-04-30 08:28:31.604199+00:00
1188612,301924-0051,20.79,2025-04-30 08:28:31.604199+00:00
969870,Fahrradhelm,279.13,2025-04-30 08:28:31.604199+00:00
1935242,BRADSTREET LOW LAC,99.51,2025-04-30 08:28:31.604199+00:00
1461181,Paar Creolen,91.93,2025-04-30 08:28:31.604199+00:00
1493624,Tanga,18.33,2025-04-30 08:28:31.604199+00:00
1708362,Wendebettwäsche 2t,38.0,2025-04-30 08:28:31.604199+00:00
1340604,Pyjama Hose,24.89,2025-04-30 08:28:31.604199+00:00
9482,FERTIGDEKO,52.29,2025-04-30 08:28:31.604199+00:00
984587,GABOR-Sneaker,107.72,2025-04-30 08:28:31.604199+00:00
579563,BOSS-Sneaker,104.44,2025-04-30 08:28:31.604199+00:00
1372631,Slip,24.07,2025-04-30 08:28:31.604199+00:00
1353484,D Sport-BH,28.17,2025-04-30 08:28:31.604199+00:00
1941000,Vivance Langarm-Sh,27.35,2025-04-30 08:28:31.604199+00:00
1735906,Poloshirt COLORBLO,74.84,2025-04-30 08:28:31.604199+00:00
522707,Elektrisches Rollo,229.41,2025-04-30 08:28:31.604199+00:00
120941,Ring,41.71,2025-04-30 08:28:31.604199+00:00
277034,Fußmatte Set 60/10,60.16,2025-04-30 08:28:31.604199+00:00
408818,CROCS-Gummistiefel,22.2,2025-04-30 08:28:31.604199+00:00
1944828,T Balconette BH WH,53.59,2025-04-30 08:28:31.604199+00:00
206279,FERTIGDEKO,48.35,2025-04-30 08:28:31.604199+00:00
772675,rib v-neck shirt,22.43,2025-04-30 08:28:31.604199+00:00
1599704,CK-Sneaker,59.7,2025-04-30 08:28:31.604199+00:00
1269595,GARDINENSTANGE1LFG,50.31,2025-04-30 08:28:31.604199+00:00
972652,Shirt BT_BACK LOGO,32.27,2025-04-30 08:28:31.604199+00:00
388336,NKFNIGHTGOWN LS NO,10.95,2025-04-30 08:28:31.604199+00:00
363235,T-Shirt ESSENTIAL ,19.15,2025-04-30 08:28:31.604199+00:00
1334964,Longsleeve MAXI,12.59,2025-04-30 08:28:31.604199+00:00
1883325,Kleiderbügel,22.11,2025-04-30 08:28:31.604199+00:00
1018412,Ecke Ott.re+HO,2075.71,2025-04-30 08:28:31.604199+00:00
1010478,iMac blau,1212.46,2025-04-30 08:28:31.604199+00:00
454614,"Sessel,Fkt",563.59,2025-04-30 08:28:31.604199+00:00
1263159,QUEST 5,53.59,2025-04-30 08:28:31.604199+00:00
1938172,D Bikini,46.21,2025-04-30 08:28:31.604199+00:00
1176144,"TT Pyjama Hose, Ca",21.61,2025-04-30 08:28:31.604199+00:00
923536,BH F,30.63,2025-04-30 08:28:31.604199+00:00
1585031,Skechers-Sneaker,37.99,2025-04-30 08:28:31.604199+00:00
1910196,GARDINE,148.06,2025-04-30 08:28:31.604199+00:00
1396750,Vliestapete,37.19,2025-04-30 08:28:31.604199+00:00
1583314,15423,21.54,2025-04-30 08:28:31.604199+00:00
917238,Fototapete 243851,103.43,2025-04-30 08:28:31.604199+00:00
246694,Einhebelmischer FE,110.72,2025-04-30 08:28:31.604199+00:00
1134917,Reinigungsmittel,15.87,2025-04-30 08:28:31.604199+00:00
1279977,Ring,97.06,2025-04-30 08:28:31.604199+00:00
251734,Sweatshirt,74.88,2025-04-30 08:28:31.604199+00:00
741807,D Sporthose,58.51,2025-04-30 08:28:31.604199+00:00
1685936,Kissenbezüge 2tlg.,14.18,2025-04-30 08:28:31.604199+00:00
1948920,Webkleid,33.91,2025-04-30 08:28:31.604199+00:00
1186598,Streich-Palette,23.4,2025-04-30 08:28:31.604199+00:00
990134,Schöpflöffel,20.78,2025-04-30 08:28:31.604199+00:00
1333186,Teppich,52.94,2025-04-30 08:28:31.604199+00:00
1839675,LV Jeans 512 SLIM ,107.68,2025-04-30 08:28:31.604199+00:00
1577491,Wandbild,26.53,2025-04-30 08:28:31.604199+00:00
945355,Pearl Boot Cropped,124.08,2025-04-30 08:28:31.604199+00:00
13261,"BOX,180x200",1029.83,2025-04-30 08:28:31.604199+00:00
1719653,ALP-Basic Sweater,38.83,2025-04-30 08:28:31.604199+00:00
105958,Poster 120/80,46.38,2025-04-30 08:28:31.604199+00:00
1471775,Küchenblock,935.91,2025-04-30 08:28:31.604199+00:00
1875108,GARDINENSTANGE,26.53,2025-04-30 08:28:31.604199+00:00
593552,RIEKER-Spangenschu,54.38,2025-04-30 08:28:31.604199+00:00
275471,SCD-24DAB BK - Tra,66.13,2025-04-30 08:28:31.604199+00:00
1037552,Tasche,23.52,2025-04-30 08:28:31.604199+00:00
1188191,Gardinenstange,23.83,2025-04-30 08:28:31.604199+00:00
1051528,Sofa 3-Sitzer,1411.51,2025-04-30 08:28:31.604199+00:00
1669538,Spannbettlaken 1tl,49.87,2025-04-30 08:28:31.604199+00:00
265993,Ecksofa,1231.11,2025-04-30 08:28:31.604199+00:00
210901,151783,21.54,2025-04-30 08:28:31.604199+00:00
1015289,Crop-Top C/D,46.21,2025-04-30 08:28:31.604199+00:00
1602023,Wecker,17.44,2025-04-30 08:28:31.604199+00:00
1031646,BH F,38.83,2025-04-30 08:28:31.604199+00:00
530600,BH D,17.51,2025-04-30 08:28:31.604199+00:00
352783,Teppichboden 1400x,1378.27,2025-04-30 08:28:31.604199+00:00
1095584,"WLS,RECre,",1805.11,2025-04-30 08:28:31.604199+00:00
204217,Teppich 40/60,15.05,2025-04-30 08:28:31.604199+00:00
388583,Strickkleider,14.26,2025-04-30 08:28:31.604199+00:00
1266200,Bügel-Bandeau-Top ,42.11,2025-04-30 08:28:31.604199+00:00
1453449,Teppich140/200,41.14,2025-04-30 08:28:31.604199+00:00
1734459,Teppich 160/240,92.13,2025-04-30 08:28:31.604199+00:00
100603,Kaufladen,71.12,2025-04-30 08:28:31.604199+00:00
716681,Bras ONPMIRA CIR,15.02,2025-04-30 08:28:31.604199+00:00
935256,PLISSEE NACH MAß,98.21,2025-04-30 08:28:31.604199+00:00
1291058,20785 Fototapete,53.99,2025-04-30 08:28:31.604199+00:00
1362553,PREDATOR LEAGUE TF,47.85,2025-04-30 08:28:31.604199+00:00
793419,FOL Sweatshirt,20.79,2025-04-30 08:28:31.604199+00:00
1447774,Gürtel,20.22,2025-04-30 08:28:31.604199+00:00
1733603,GS Jeans 3301 Flar,107.68,2025-04-30 08:28:31.604199+00:00
213415,Unterschrank,93.81,2025-04-30 08:28:31.604199+00:00
1197297,GM500,66.71,2025-04-30 08:28:31.604199+00:00
348713,Küchenzeile,1742.86,2025-04-30 08:28:31.604199+00:00
9272,FERTIGDEKO,58.19,2025-04-30 08:28:31.604199+00:00
742940,U Fleeceweste,23.25,2025-04-30 08:28:31.604199+00:00
644943,Guertel 20410-0073,29.78,2025-04-30 08:28:31.604199+00:00
1523353,Shorts HARLEM PO D,48.75,2025-04-30 08:28:31.604199+00:00
1799804,Arbeitsplatte 150,140.51,2025-04-30 08:28:31.604199+00:00
257905,Ultimate Gaming I7,1886.4,2025-04-30 08:28:31.604199+00:00
1146958,TH THONG,15.8,2025-04-30 08:28:31.604199+00:00
1344000,CK PUSH UP STRAPLE,35.55,2025-04-30 08:28:31.604199+00:00
1170549,LV Jeans 501 LEVIS,68.35,2025-04-30 08:28:31.604199+00:00
120397,DLMH Cargo Stretch,36.37,2025-04-30 08:28:31.604199+00:00
342670,GARDINENSTANGE 2LF,52.29,2025-04-30 08:28:31.604199+00:00
118622,Underwear PEPE BRA,25.68,2025-04-30 08:28:31.604199+00:00
1876117,BH B,33.91,2025-04-30 08:28:31.604199+00:00
263708,Fußmatte 60/180,32.61,2025-04-30 08:28:31.604199+00:00
725485,"BOX,160/200,H4+H4",2482.44,2025-04-30 08:28:31.604199+00:00
303633,Deckenstrahler,43.51,2025-04-30 08:28:31.604199+00:00
964478,Kleid,40.47,2025-04-30 08:28:31.604199+00:00
1818079,Geox-Sandale,83.08,2025-04-30 08:28:31.604199+00:00
685229,"Polsterhocker,FK",312.71,2025-04-30 08:28:31.604199+00:00
322178,Schneidebrett-Set,83.11,2025-04-30 08:28:31.604199+00:00
1040068,MU Shorts Style Oc,27.07,2025-04-30 08:28:31.604199+00:00
946922,JJEBREEZE BAND SHI,20.79,2025-04-30 08:28:31.604199+00:00
472515,Vliestapete,19.86,2025-04-30 08:28:31.604199+00:00
34406,HIS Longsleeve DP,29.81,2025-04-30 08:28:31.604199+00:00
919724,"Lowboard,201",331.13,2025-04-30 08:28:31.604199+00:00
65547,CAMPUS VULC,64.25,2025-04-30 08:28:31.604199+00:00
813835,Shorts TJM OTIS CA,70.74,2025-04-30 08:28:31.604199+00:00
721162,Fototapete 222723,107.42,2025-04-30 08:28:31.604199+00:00
594485,BügelBandBiki E,61.79,2025-04-30 08:28:31.604199+00:00
1333818,Storypuzzle Conni ,11.83,2025-04-30 08:28:31.604199+00:00
749148,DEKOKISSEN,29.74,2025-04-30 08:28:31.604199+00:00
1341718,PIO ERIC,64.25,2025-04-30 08:28:31.604199+00:00
979497,Bügel-BH,24.89,2025-04-30 08:28:31.604199+00:00
1539025,Jeans NORA MR SKNY,83.04,2025-04-30 08:28:31.604199+00:00
1532186,Acrylglasbild,171.68,2025-04-30 08:28:31.604199+00:00
338821,Shirt 2-PACK MONOL,44.57,2025-04-30 08:28:31.604199+00:00
893755,Boxspringbett 180,1398.19,2025-04-30 08:28:31.604199+00:00
521482,SKECHERS-Schnürboo,62.58,2025-04-30 08:28:31.604199+00:00
1589462,D Sweatshirt,38.01,2025-04-30 08:28:31.604199+00:00
46424,Wandbild,134.77,2025-04-30 08:28:31.604199+00:00
307381,Sisalteppich 100/1,36.54,2025-04-30 08:28:31.604199+00:00
1424166,"BOX,120/200",817.86,2025-04-30 08:28:31.604199+00:00
1490804,MOP POLO KA,42.11,2025-04-30 08:28:31.604199+00:00
1089140,"BOX,100/200",492.99,2025-04-30 08:28:31.604199+00:00
379382,Jacke FLORA,79.36,2025-04-30 08:28:31.604199+00:00
379274,Steppjacke,81.47,2025-04-30 08:28:31.604199+00:00
510460,Gürtel402984-0049,24.07,2025-04-30 08:28:31.604199+00:00
1044376,D Karo-Fleecehemd,38.01,2025-04-30 08:28:31.604199+00:00
562347,Poloshirt,36.37,2025-04-30 08:28:31.604199+00:00
1044925,327,104.43,2025-04-30 08:28:31.604199+00:00
1013463,Teppich,65.07,2025-04-30 08:28:31.604199+00:00
1942625,FITFLOP-Zehentrenn,56.37,2025-04-30 08:28:31.604199+00:00
1373449,GARDINE,74.59,2025-04-30 08:28:31.604199+00:00
506191,Vliestapete Jonas ,24.07,2025-04-30 08:28:31.604199+00:00
180356,Dockers-Winterboot,23.91,2025-04-30 08:28:31.604199+00:00
297326,Teppich 200/280,49.64,2025-04-30 08:28:31.604199+00:00
766810,Bussiness Hemd BRU,49.36,2025-04-30 08:28:31.604199+00:00
490320,Objektiv,172.52,2025-04-30 08:28:31.604199+00:00
1571627,WALDLÄUFER-Klettsc,68.86,2025-04-30 08:28:31.604199+00:00
1136741,ARDENT W,58.51,2025-04-30 08:28:31.604199+00:00
3085,CA Pro Wns,64.25,2025-04-30 08:28:31.604199+00:00
1061140,Teppich 240/340,143.79,2025-04-30 08:28:31.604199+00:00
1625286,FUTURE 7 MATCH MG,52.77,2025-04-30 08:28:31.604199+00:00
1021448,Badematte Rund,33.91,2025-04-30 08:28:31.604199+00:00
1657911,Ring,147.98,2025-04-30 08:28:31.604199+00:00
608237,D Funktionshose,76.55,2025-04-30 08:28:31.604199+00:00
320921,Wandbild,74.59,2025-04-30 08:28:31.604199+00:00
224244,"WLS,RECre,FKT,BK",2882.79,2025-04-30 08:28:31.604199+00:00
1317673,Shorts MOM UH SHOR,35.27,2025-04-30 08:28:31.604199+00:00
67049,B 6er Pack Söckche,15.87,2025-04-30 08:28:31.604199+00:00
965679,TT Denim Long,33.91,2025-04-30 08:28:31.604199+00:00
603818,LVG COLLEGIATE SS ,16.69,2025-04-30 08:28:31.604199+00:00
1396838,Teppich 160/213,74.59,2025-04-30 08:28:31.604199+00:00
611295,K Kapuzensweatshir,27.35,2025-04-30 08:28:31.604199+00:00
1691130,Spiel Spielemagazi,17.81,2025-04-30 08:28:31.604199+00:00
642093,Jeans ONLMADISON,33.09,2025-04-30 08:28:31.604199+00:00
482206,Tonerpatrone Broth,44.7,2025-04-30 08:28:31.604199+00:00
589694,ALU-JALOUSIE FESTM,28.67,2025-04-30 08:28:31.604199+00:00
1548570,Hosen WIDE,68.35,2025-04-30 08:28:31.604199+00:00
254547,Shirt BT-CHEST STR,25.65,2025-04-30 08:28:31.604199+00:00
1125479,SCHLEUDERSCH M RB,103.26,2025-04-30 08:28:31.604199+00:00
1729292,Teppich,116.86,2025-04-30 08:28:31.604199+00:00
313384,Wasserkissen,115.84,2025-04-30 08:28:31.604199+00:00
1748870,Slip-In Sneaker,33.91,2025-04-30 08:28:31.604199+00:00
1945498,Skechers-Sneaker,55.2,2025-04-30 08:28:31.604199+00:00
204356,Glasbild,19.9,2025-04-30 08:28:31.604199+00:00
711427,Vliestapete 554755,26.7,2025-04-30 08:28:31.604199+00:00
681638,Teppich 160/230,91.24,2025-04-30 08:28:31.604199+00:00
1227500,Hochstuhlaufsatz A,74.84,2025-04-30 08:28:31.604199+00:00
352457,JUPITER 7218550028,893.94,2025-04-30 08:28:31.604199+00:00
990045,TISCHDECKE,36.37,2025-04-30 08:28:31.604199+00:00
1660865,PLISSEE NACH MAß,52.94,2025-04-30 08:28:31.604199+00:00
1238521,Advanced Gaming R7,704.82,2025-04-30 08:28:31.604199+00:00
1293596,VORHANG,59.33,2025-04-30 08:28:31.604199+00:00
614402,T-Shirt ESSENTIAL ,42.04,2025-04-30 08:28:31.604199+00:00
862256,M.TOZZI-Sandale,33.15,2025-04-30 08:28:31.604199+00:00
1585004,Skechers-Sneaker,41.47,2025-04-30 08:28:31.604199+00:00
310087,Portabler Bluetoot,115.1,2025-04-30 08:28:31.604199+00:00
210228,"ECK,RECre,BK",870.31,2025-04-30 08:28:31.604199+00:00
1096031,Talos Light Spiege,203.77,2025-04-30 08:28:31.604199+00:00
1895911,Hemdblusenkleid,61.79,2025-04-30 08:28:31.604199+00:00
1737904,BL Hose,56.87,2025-04-30 08:28:31.604199+00:00
1265412,Kugelschreiber,44.66,2025-04-30 08:28:31.604199+00:00
252452,Reiseadapter,8.32,2025-04-30 08:28:31.604199+00:00
956714,VERBENAS-Sandalett,42.83,2025-04-30 08:28:31.604199+00:00
497582,Leinwandbild 60/30,33.02,2025-04-30 08:28:31.604199+00:00
1199724,K Kapuzensweatshir,25.71,2025-04-30 08:28:31.604199+00:00
429222,Bettumrandung2x70/,352.08,2025-04-30 08:28:31.604199+00:00
1306339,TT-Geldbörse,38.83,2025-04-30 08:28:31.604199+00:00
176075,Jeans Ben,70.81,2025-04-30 08:28:31.604199+00:00
506392,20518 Fototapete,62.66,2025-04-30 08:28:31.604199+00:00
1935034,SO KG Leggins,12.59,2025-04-30 08:28:31.604199+00:00
156069,DELANO 7252650014_,1105.67,2025-04-30 08:28:31.604199+00:00
1638533,GARDINE,12.27,2025-04-30 08:28:31.604199+00:00
1581019,Trinkglas,38.01,2025-04-30 08:28:31.604199+00:00
1762473,s.O. Sweatshirt,27.75,2025-04-30 08:28:31.604199+00:00
1617262,Wandbild,62.61,2025-04-30 08:28:31.604199+00:00
288215,VERTIKALJALOUSIE,90.99,2025-04-30 08:28:31.604199+00:00
245334,Teppich,44.57,2025-04-30 08:28:31.604199+00:00
861775,MWH Strickjacke Zo,19.84,2025-04-30 08:28:31.604199+00:00
182634,Jeans NORA MD SKN ,52.48,2025-04-30 08:28:31.604199+00:00
522068,amiibo Karten 3 St,5.42,2025-04-30 08:28:31.604199+00:00
1306958,Spielbogen Farbspi,32.65,2025-04-30 08:28:31.604199+00:00
426099,Kleiderschrank,370.11,2025-04-30 08:28:31.604199+00:00
446792,Outerwear AMMY SHO,115.92,2025-04-30 08:28:31.604199+00:00
1225164,Wandbild,38.83,2025-04-30 08:28:31.604199+00:00
384301,CK-Sneaker,68.7,2025-04-30 08:28:31.604199+00:00
252679,F50 CLUB FxG J,33.09,2025-04-30 08:28:31.604199+00:00
416079,Pullover,53.59,2025-04-30 08:28:31.604199+00:00
1438212,RUN 60s 3.0,45.39,2025-04-30 08:28:31.604199+00:00
373289,Multifunktionsuhr,82.3,2025-04-30 08:28:31.604199+00:00
1382137,Laken 1 tlg.,39.65,2025-04-30 08:28:31.604199+00:00
1354532,SUBZONE,51.13,2025-04-30 08:28:31.604199+00:00
1816927,NBFWANG WOOL NEEDL,13.0,2025-04-30 08:28:31.604199+00:00
1868698,Ganzjahresreifen,285.66,2025-04-30 08:28:31.604199+00:00
617745,TT Trousers,42.11,2025-04-30 08:28:31.604199+00:00
1387170,152779,21.54,2025-04-30 08:28:31.604199+00:00
1259697,Trauring,717.34,2025-04-30 08:28:31.604199+00:00
992691,CB DENIM Straight ,50.31,2025-04-30 08:28:31.604199+00:00
367887,LIGHT PADDED DEMI,19.16,2025-04-30 08:28:31.604199+00:00
359974,VMCHLOE LS SHORT T,15.87,2025-04-30 08:28:31.604199+00:00
71062,GARDINENSTANGE,25.88,2025-04-30 08:28:31.604199+00:00
924590,LEGERO-Slipper,65.22,2025-04-30 08:28:31.604199+00:00
1176799,Slip,21.61,2025-04-30 08:28:31.604199+00:00
1020951,Bild mit Rahmen,19.97,2025-04-30 08:28:31.604199+00:00
899859,"Wandbild ""Frozen A",16.29,2025-04-30 08:28:31.604199+00:00
1160405,Kleid BELTED TENCE,59.8,2025-04-30 08:28:31.604199+00:00
1917471,Plissee nach Maß,50.32,2025-04-30 08:28:31.604199+00:00
310341,Bettwäsche 3tlg.,44.39,2025-04-30 08:28:31.604199+00:00
647574,PME Jeans TAILWHEE,85.57,2025-04-30 08:28:31.604199+00:00
1719846,TTD Chinoshorts,22.43,2025-04-30 08:28:31.604199+00:00
278998,Sesselauflage hoch,52.19,2025-04-30 08:28:31.604199+00:00
40344,ZBH Saugschlauch,47.03,2025-04-30 08:28:31.604199+00:00
265855,LED Tischleuchte,50.32,2025-04-30 08:28:31.604199+00:00
277671,Teppich 160/230,58.85,2025-04-30 08:28:31.604199+00:00
507896,LED Deckenleuchte,92.96,2025-04-30 08:28:31.604199+00:00
187269,8339-021-690-Braun,24.07,2025-04-30 08:28:31.604199+00:00
141450,Shorts JDYGEGGO,15.87,2025-04-30 08:28:31.604199+00:00
908387,Wandbild,81.47,2025-04-30 08:28:31.604199+00:00
1815032,Tisch TOPEKA,593.05,2025-04-30 08:28:31.604199+00:00
27652,Teppich 300/350,740.43,2025-04-30 08:28:31.604199+00:00
1130020,Pullover 1985 CREW,54.0,2025-04-30 08:28:31.604199+00:00
1179321,LURCHI-Klettschuh,47.03,2025-04-30 08:28:31.604199+00:00
1138161,1911 Uomo,87.22,2025-04-30 08:28:31.604199+00:00
1778796,Schwebetürenschran,673.27,2025-04-30 08:28:31.604199+00:00
246284,Küchenrückwand,151.99,2025-04-30 08:28:31.604199+00:00
658386,GABOR-Schnürer,74.89,2025-04-30 08:28:31.604199+00:00
1370088,Knit Marland,25.68,2025-04-30 08:28:31.604199+00:00
5486,Pfanne,53.6,2025-04-30 08:28:31.604199+00:00
46549,Wandbild,21.61,2025-04-30 08:28:31.604199+00:00
1881007,Walls by Patel Fot,288.11,2025-04-30 08:28:31.604199+00:00
109285,GARDINE,7.93,2025-04-30 08:28:31.604199+00:00
1048683,"T-Shirt,Light Grey",28.14,2025-04-30 08:28:31.604199+00:00
648720,MICHAEL KORS KIDS-,45.51,2025-04-30 08:28:31.604199+00:00
444682,Badeanzug E,61.79,2025-04-30 08:28:31.604199+00:00
1683623,22054 Fototapete,109.11,2025-04-30 08:28:31.604199+00:00
798158,Verdunklungsrollo,27.36,2025-04-30 08:28:31.604199+00:00
1256776,SZ-ROLLO LS,30.64,2025-04-30 08:28:31.604199+00:00
144242,VORHANG,49.01,2025-04-30 08:28:31.604199+00:00
1761216,Levi´s Chino Short,38.83,2025-04-30 08:28:31.604199+00:00
1537489,2750 STRIPES PRINT,66.71,2025-04-30 08:28:31.604199+00:00
98560,VORHANG,86.4,2025-04-30 08:28:31.604199+00:00
389474,Kleid,38.01,2025-04-30 08:28:31.604199+00:00
981774,KLEMMFIX-PLISSEE,24.08,2025-04-30 08:28:31.604199+00:00
662204,T-Shirt ONLEMMA,13.41,2025-04-30 08:28:31.604199+00:00
1627586,GANT LA-Hemd,65.89,2025-04-30 08:28:31.604199+00:00
354742,Pants POPTRASH,24.07,2025-04-30 08:28:31.604199+00:00
895022,Rasenteppich 400/2,862.12,2025-04-30 08:28:31.604199+00:00
794575,2-tlg. Set,303.7,2025-04-30 08:28:31.604199+00:00
1508856,"ECK,OTTre,",1255.71,2025-04-30 08:28:31.604199+00:00
28971,Bett-Tablett,76.91,2025-04-30 08:28:31.604199+00:00
353034,Outdoorteppich,39.83,2025-04-30 08:28:31.604199+00:00
1209736,Kochfeld Elektro,287.3,2025-04-30 08:28:31.604199+00:00
920411,"ECK,OTTli,FKT,BK",1254.83,2025-04-30 08:28:31.604199+00:00
597140,Wandbild,74.91,2025-04-30 08:28:31.604199+00:00
642173,Jeans SOPHIE LW SK,71.63,2025-04-30 08:28:31.604199+00:00
1246180,"My Sense of Obs.,O",1333.61,2025-04-30 08:28:31.604199+00:00
996002,Hose WOVEN CARGO P,32.57,2025-04-30 08:28:31.604199+00:00
1275069,SCHIEBEGARDINE,32.61,2025-04-30 08:28:31.604199+00:00
485264,Wohndecke 1tlg.,58.44,2025-04-30 08:28:31.604199+00:00
248286,Padded hidden wire,21.61,2025-04-30 08:28:31.604199+00:00
626663,Polsterbett,597.53,2025-04-30 08:28:31.604199+00:00
277071,Teppich,193.74,2025-04-30 08:28:31.604199+00:00
634100,Wandbild,83.93,2025-04-30 08:28:31.604199+00:00
999304,EASY Doppelstabmat,2542.94,2025-04-30 08:28:31.604199+00:00
1600201,Gardine 1 Stk,14.24,2025-04-30 08:28:31.604199+00:00
429595,Pendelleuchte,43.01,2025-04-30 08:28:31.604199+00:00
1653724,Levis Hemd,42.93,2025-04-30 08:28:31.604199+00:00
1816698,McAfee+ Adva silbe,80.23,2025-04-30 08:28:31.604199+00:00
1112552,Fototapete 221884,111.56,2025-04-30 08:28:31.604199+00:00
410955,Doppelrollo,12.93,2025-04-30 08:28:31.604199+00:00
1532553,Teppich,36.37,2025-04-30 08:28:31.604199+00:00
810829,Badeanzugkleid D,77.37,2025-04-30 08:28:31.604199+00:00
1380268,D 3/4-Trekkinghose,27.35,2025-04-30 08:28:31.604199+00:00
1231963,TOS 2-colored Mini,16.69,2025-04-30 08:28:31.604199+00:00
1272149,"PB,160/200",752.99,2025-04-30 08:28:31.604199+00:00
1952478,COPA GLORO II ST M,60.97,2025-04-30 08:28:31.604199+00:00
227055,Vliestapete,50.32,2025-04-30 08:28:31.604199+00:00
1642506,Hängeschrank,110.41,2025-04-30 08:28:31.604199+00:00
754786,Shirt NOS SCRIPT R,29.81,2025-04-30 08:28:31.604199+00:00
1749856,Jerseykleid WOOL C,115.51,2025-04-30 08:28:31.604199+00:00
1361845,9100361 IMPERO,194.91,2025-04-30 08:28:31.604199+00:00
866470,LED Panel,59.58,2025-04-30 08:28:31.604199+00:00
248905,Badeanzug C,62.61,2025-04-30 08:28:31.604199+00:00
102266,Teppich,112.3,2025-04-30 08:28:31.604199+00:00
1441367,Tierrettung m. Anh,30.62,2025-04-30 08:28:31.604199+00:00
489096,"ECK,RECre,SV",1151.57,2025-04-30 08:28:31.604199+00:00
150937,PIO Bermuda Bill,32.05,2025-04-30 08:28:31.604199+00:00
272327,SWIFT RUN 23,91.31,2025-04-30 08:28:31.604199+00:00
227343,CROCS-Pantolette,33.91,2025-04-30 08:28:31.604199+00:00
204382,Glasbild,94.27,2025-04-30 08:28:31.604199+00:00
1371555,Poloshirt 1985 REG,50.31,2025-04-30 08:28:31.604199+00:00
1568515,Gürtel25410-0010,19.97,2025-04-30 08:28:31.604199+00:00
1836600,Haartrockner,20.88,2025-04-30 08:28:31.604199+00:00
1473988,Trekkingmatte,32.58,2025-04-30 08:28:31.604199+00:00
544160,Taschenfederkernma,1242.19,2025-04-30 08:28:31.604199+00:00
1680494,Spielfigur Einhorn,20.14,2025-04-30 08:28:31.604199+00:00
1312889,"ECK,OTTli,STV",1378.71,2025-04-30 08:28:31.604199+00:00
1245704,String 5x,17.51,2025-04-30 08:28:31.604199+00:00
1726029,Teppich,54.07,2025-04-30 08:28:31.604199+00:00
540875,Unterhose Trunk 24,12.49,2025-04-30 08:28:31.604199+00:00
638882,Sport-BH,47.03,2025-04-30 08:28:31.604199+00:00
442681,WC-Garnitur,64.09,2025-04-30 08:28:31.604199+00:00
731823,VORHANG,119.2,2025-04-30 08:28:31.604199+00:00
1606017,Teppich 160/230,332.4,2025-04-30 08:28:31.604199+00:00
1561439,TT T-Shirt,12.46,2025-04-30 08:28:31.604199+00:00
35504,Spiel Das Quiz mit,18.8,2025-04-30 08:28:31.604199+00:00
1180603,GABOR-Chelseaboots,99.52,2025-04-30 08:28:31.604199+00:00
211231,156650,21.54,2025-04-30 08:28:31.604199+00:00
606744,UA W Charged Speed,54.41,2025-04-30 08:28:31.604199+00:00
1811927,Wandbild,21.61,2025-04-30 08:28:31.604199+00:00
868625,Badeanzug B,59.33,2025-04-30 08:28:31.604199+00:00
662144,Jeans ONLPOWER,29.81,2025-04-30 08:28:31.604199+00:00
1296599,DLMH Stretchjeans ,45.39,2025-04-30 08:28:31.604199+00:00
1561369,Shirt NY CHEST BOX,28.99,2025-04-30 08:28:31.604199+00:00
46714,Wandbild,25.71,2025-04-30 08:28:31.604199+00:00
667908,Wendebettwäsche 3t,83.08,2025-04-30 08:28:31.604199+00:00
1410420,"Freischwinger, 2 S",187.78,2025-04-30 08:28:31.604199+00:00
1492525,3/4 Fkt.Tights,33.91,2025-04-30 08:28:31.604199+00:00
518819,"SSO,FKT,80",821.11,2025-04-30 08:28:31.604199+00:00
343704,Gardinenstange,204.48,2025-04-30 08:28:31.604199+00:00
463156,LAMELLENVORHANG,103.46,2025-04-30 08:28:31.604199+00:00
748780,Set: RSe S SB + Ho,3075.3,2025-04-30 08:28:31.604199+00:00
1503785,Fototapete 181256,82.84,2025-04-30 08:28:31.604199+00:00
1823647,LV Poloshirt LEVIS,20.79,2025-04-30 08:28:31.604199+00:00
1036152,Einbaukühlschrank,296.32,2025-04-30 08:28:31.604199+00:00
432374,Kleid+Gürtel,37.19,2025-04-30 08:28:31.604199+00:00
640687,RIEKER-Westernstie,51.6,2025-04-30 08:28:31.604199+00:00
1057812,VD wide stripe PJ,31.45,2025-04-30 08:28:31.604199+00:00
641100,Riva Mid WP,87.18,2025-04-30 08:28:31.604199+00:00
122112,Beachtime Poloshir,28.17,2025-04-30 08:28:31.604199+00:00
1171043,PME Jeans,71.63,2025-04-30 08:28:31.604199+00:00
1507604,Badematte Halbrund,6.92,2025-04-30 08:28:31.604199+00:00
557732,B-Hemd FLEX POPLIN,47.03,2025-04-30 08:28:31.604199+00:00
1745053,Jeans Arne,69.17,2025-04-30 08:28:31.604199+00:00
880016,"BOX,200/200",1423.87,2025-04-30 08:28:31.604199+00:00
1122885,VORHANG,41.14,2025-04-30 08:28:31.604199+00:00
1394459,LIGHTSTRIDE,83.11,2025-04-30 08:28:31.604199+00:00
1908491,VORHANG,106.74,2025-04-30 08:28:31.604199+00:00
776499,ONSMATT LONGY SS T,50.31,2025-04-30 08:28:31.604199+00:00
88089,MW Tank Top DP,19.97,2025-04-30 08:28:31.604199+00:00
1949643,Pullover,24.07,2025-04-30 08:28:31.604199+00:00
1599238,GKS 85 G Handkreis,230.71,2025-04-30 08:28:31.604199+00:00
130170,GABOR-Chelseaboots,77.93,2025-04-30 08:28:31.604199+00:00
813762,Bügel BH,47.03,2025-04-30 08:28:31.604199+00:00
1021794,Stabgitter Doppelt,387.79,2025-04-30 08:28:31.604199+00:00
552157,RSe L CB,2001.92,2025-04-30 08:28:31.604199+00:00
1010967,REMONTE-Loafer,50.94,2025-04-30 08:28:31.604199+00:00
1648695,Schulrucksack Orig,86.96,2025-04-30 08:28:31.604199+00:00
1570965,"4-Fußstuhl oval, 2",402.91,2025-04-30 08:28:31.604199+00:00
375369,FITFLOP-Zehentrenn,52.13,2025-04-30 08:28:31.604199+00:00
1298753,Bootsausflug zu de,15.48,2025-04-30 08:28:31.604199+00:00
1916447,Lerros OUTDOOR WES,83.11,2025-04-30 08:28:31.604199+00:00
1122172,Top TWIN VEST 1024,33.09,2025-04-30 08:28:31.604199+00:00
1899926,Fototapete 235032,24.74,2025-04-30 08:28:31.604199+00:00
1139856,46205001 STRAP,112.62,2025-04-30 08:28:31.604199+00:00
1788326,H Sweatshirt,32.27,2025-04-30 08:28:31.604199+00:00
1569143,KANIBOU WP,83.11,2025-04-30 08:28:31.604199+00:00
571778,TOM TAILOR-Schlupf,50.31,2025-04-30 08:28:31.604199+00:00
1726472,Kinderwecker,23.19,2025-04-30 08:28:31.604199+00:00
1171487,TT Strickjacke Zip,58.51,2025-04-30 08:28:31.604199+00:00
1017201,Salatschüssel,33.91,2025-04-30 08:28:31.604199+00:00
1549435,KISSENHÜLLE,10.3,2025-04-30 08:28:31.604199+00:00
1916460,Shorts Chino-slim-,74.88,2025-04-30 08:28:31.604199+00:00
1731724,Steppweste Lang He,83.11,2025-04-30 08:28:31.604199+00:00
1462703,Tonerpatrone Broth,76.53,2025-04-30 08:28:31.604199+00:00
1833686,Teppich 140 x 200,50.32,2025-04-30 08:28:31.604199+00:00
1807296,Teppich,19.91,2025-04-30 08:28:31.604199+00:00
143148,VORHANG,67.38,2025-04-30 08:28:31.604199+00:00
1268606,PLISSEE,35.9,2025-04-30 08:28:31.604199+00:00
1202661,"Style QR-Jane,mw,d",35.55,2025-04-30 08:28:31.604199+00:00
1906883,Hose WRUP4 SUPERSK,66.92,2025-04-30 08:28:31.604199+00:00
881781,"EinzB,90/200",133.88,2025-04-30 08:28:31.604199+00:00
1499039,"2,5-Sitzer",1665.71,2025-04-30 08:28:31.604199+00:00
18380,NOVABLAST 5,124.11,2025-04-30 08:28:31.604199+00:00
1349070,Schreibtisch,206.11,2025-04-30 08:28:31.604199+00:00
1598003,Gardinenstange,113.3,2025-04-30 08:28:31.604199+00:00
113233,Ganzjahresreifen,161.01,2025-04-30 08:28:31.604199+00:00
1863421,Schwebetürenschran,1146.41,2025-04-30 08:28:31.604199+00:00
535485,VORHANG,95.58,2025-04-30 08:28:31.604199+00:00
362444,Hose LINEN MIX PLE,107.64,2025-04-30 08:28:31.604199+00:00
1452237,Spannbettlaken 1tl,62.58,2025-04-30 08:28:31.604199+00:00
1794776,Gardinenstange,92.3,2025-04-30 08:28:31.604199+00:00
1029141,Hochbeet,365.83,2025-04-30 08:28:31.604199+00:00
337352,Top ONLVIC,13.41,2025-04-30 08:28:31.604199+00:00
133160,Fototapete 241905,110.32,2025-04-30 08:28:31.604199+00:00
385087,Hip Pants 6er Pack,38.83,2025-04-30 08:28:31.604199+00:00
1365990,PME Langarm Hemd,35.7,2025-04-30 08:28:31.604199+00:00
758349,Badetuch 1tlg.,19.56,2025-04-30 08:28:31.604199+00:00
110879,SEITENZUGROLLO,46.97,2025-04-30 08:28:31.604199+00:00
640403,Bikini-Hose knapp,21.61,2025-04-30 08:28:31.604199+00:00
1466310,Teppich,165.93,2025-04-30 08:28:31.604199+00:00
249316,REPLAY-Winterboots,107.64,2025-04-30 08:28:31.604199+00:00
118815,OLIA 4.15 Iced Cho,6.85,2025-04-30 08:28:31.604199+00:00
1837349,WLS Fkt/BK Rec.re,977.4,2025-04-30 08:28:31.604199+00:00
1785889,D Trainingstights,31.45,2025-04-30 08:28:31.604199+00:00
676100,Skechers-Klettstie,20.76,2025-04-30 08:28:31.604199+00:00
1807859,Sichtschutz,673.77,2025-04-30 08:28:31.604199+00:00
1432827,JJEURBAN EDGE SWEA,26.53,2025-04-30 08:28:31.604199+00:00
356931,RSe L LegComf Bat,3157.3,2025-04-30 08:28:31.604199+00:00
1429021,H Fahrrad-3in1 Jac,198.73,2025-04-30 08:28:31.604199+00:00
1208893,"BOX,180 x 200",3443.48,2025-04-30 08:28:31.604199+00:00
1054035,Pullover CARVENICE,22.43,2025-04-30 08:28:31.604199+00:00
176551,"WLS,lgSCHre",5445.91,2025-04-30 08:28:31.604199+00:00
419691,"BOX,160x200",815.22,2025-04-30 08:28:31.604199+00:00
1952393,PREDATOR LEAGUE LL,51.13,2025-04-30 08:28:31.604199+00:00
125568,Teppich 300/400,1200.49,2025-04-30 08:28:31.604199+00:00
1314580,Strandhose,45.39,2025-04-30 08:28:31.604199+00:00
868498,Cup C,36.37,2025-04-30 08:28:31.604199+00:00
1288467,"BIGSO, 1,5AL-1,5AR",1334.44,2025-04-30 08:28:31.604199+00:00
209139,Brüstung Andreaskr,328.3,2025-04-30 08:28:31.604199+00:00
156568,Teppichboden 200x4,78.22,2025-04-30 08:28:31.604199+00:00
1447036,JJIMIKE JJORIIGINA,33.91,2025-04-30 08:28:31.604199+00:00
608632,D Kapuzensweatshir,40.47,2025-04-30 08:28:31.604199+00:00
688655,Teppich,29.98,2025-04-30 08:28:31.604199+00:00
1953677,Korb,20.8,2025-04-30 08:28:31.604199+00:00
1112151,Fototapete 213683,87.1,2025-04-30 08:28:31.604199+00:00
886494,LERROS CARGO STRET,66.71,2025-04-30 08:28:31.604199+00:00
1045593,Puma Club II Era,44.57,2025-04-30 08:28:31.604199+00:00
112780,Cargohose,36.37,2025-04-30 08:28:31.604199+00:00
1067518,Stretch-Jeans,31.45,2025-04-30 08:28:31.604199+00:00
1123786,VORHANG,20.8,2025-04-30 08:28:31.604199+00:00
1089921,Bustier-Top C/D,31.45,2025-04-30 08:28:31.604199+00:00
1953149,8571-003-690-Braun,33.84,2025-04-30 08:28:31.604199+00:00
1458501,Set: RSe M CB + Ho,2173.3,2025-04-30 08:28:31.604199+00:00
1238031,OtterBox Premium G,13.08,2025-04-30 08:28:31.604199+00:00
196972,BH B,42.11,2025-04-30 08:28:31.604199+00:00
1079460,Venture Runner,66.71,2025-04-30 08:28:31.604199+00:00
996804,"Drehtürenschrank,2",1419.71,2025-04-30 08:28:31.604199+00:00
1892368,Esszimmerstuhl,549.7,2025-04-30 08:28:31.604199+00:00
780343,Kleid CORDUROY CHE,42.03,2025-04-30 08:28:31.604199+00:00
698209,BH A,29.81,2025-04-30 08:28:31.604199+00:00
1619756,Chronograph,37.95,2025-04-30 08:28:31.604199+00:00
899897,Einzelrahmen,31.95,2025-04-30 08:28:31.604199+00:00
1068545,Hoodie,38.01,2025-04-30 08:28:31.604199+00:00
358592,MUSTANG-Sneaker,58.48,2025-04-30 08:28:31.604199+00:00
318000,Bügel-Bandeau-Biki,50.31,2025-04-30 08:28:31.604199+00:00
1027252,Wandbild,17.51,2025-04-30 08:28:31.604199+00:00
298599,Strandtuch 1tlg.,28.14,2025-04-30 08:28:31.604199+00:00
550756,PC Die Feuerwehr S,7.67,2025-04-30 08:28:31.604199+00:00
314655,JJ JJIGLENN JJORIG,29.81,2025-04-30 08:28:31.604199+00:00
495130,SKECHERS-Schnürsch,54.38,2025-04-30 08:28:31.604199+00:00
1687647,Gürtel351643-0082,25.68,2025-04-30 08:28:31.604199+00:00
1927491,HANDBALL PERFEKT,34.73,2025-04-30 08:28:31.604199+00:00
70662,Body C,50.31,2025-04-30 08:28:31.604199+00:00
1051251,3-Sitzer,583.31,2025-04-30 08:28:31.604199+00:00
483015,Taschenfederkernma,655.48,2025-04-30 08:28:31.604199+00:00
375128,Badeanzug-OPD,60.15,2025-04-30 08:28:31.604199+00:00
423418,GS Jeans Mosa Stra,84.75,2025-04-30 08:28:31.604199+00:00
837603,Geox-Winterboots,132.32,2025-04-30 08:28:31.604199+00:00
725561,Bett 160x200 H3H4,5045.76,2025-04-30 08:28:31.604199+00:00
1014312,8360-007-510,33.09,2025-04-30 08:28:31.604199+00:00
1277090,Bettwäsche 2tlg.,17.73,2025-04-30 08:28:31.604199+00:00
1205563,Amsterdam - Panel ,24.86,2025-04-30 08:28:31.604199+00:00
741553,SCHIEBEGARDINE 5ER,201.19,2025-04-30 08:28:31.604199+00:00
1192905,Richter-Winterstie,62.58,2025-04-30 08:28:31.604199+00:00
117719,Boxspring 200 m.LE,1302.81,2025-04-30 08:28:31.604199+00:00
1062921,Funk-Pendeluhr,209.53,2025-04-30 08:28:31.604199+00:00
1275867,"BOX,160/200",810.06,2025-04-30 08:28:31.604199+00:00
1344750,Leggings BLACK,30.63,2025-04-30 08:28:31.604199+00:00
140127,Weste CLASSIC LW D,107.88,2025-04-30 08:28:31.604199+00:00
45709,Wandbild,26.53,2025-04-30 08:28:31.604199+00:00
84545,FERTIG-DEKO,60.82,2025-04-30 08:28:31.604199+00:00
657223,Kissenhülle 2tlg.,18.83,2025-04-30 08:28:31.604199+00:00
1626147,Gürtel 403020-0083,29.78,2025-04-30 08:28:31.604199+00:00
359562,NKFDYSA ROLLINGS S,15.87,2025-04-30 08:28:31.604199+00:00
1394661,GEL-1130,83.11,2025-04-30 08:28:31.604199+00:00
1457317,TERREX SWIFT R2 GT,124.11,2025-04-30 08:28:31.604199+00:00
944900,Hocker,50.03,2025-04-30 08:28:31.604199+00:00
1268531,PLISSEE,137.08,2025-04-30 08:28:31.604199+00:00
1232347,Pendelleuchte,99.51,2025-04-30 08:28:31.604199+00:00
614325,stripe structure s,31.45,2025-04-30 08:28:31.604199+00:00
1692277,Gardinenstange,83.12,2025-04-30 08:28:31.604199+00:00
1861123,"PB,160/200",706.13,2025-04-30 08:28:31.604199+00:00
1841722,"GM500 ""Essentials""",74.91,2025-04-30 08:28:31.604199+00:00
550426,s.Oli Pyjama Knopf,25.71,2025-04-30 08:28:31.604199+00:00
648583,T-Shirt U ESSENTIA,18.68,2025-04-30 08:28:31.604199+00:00
1945602,WALDLÄUFER-Schnürs,99.52,2025-04-30 08:28:31.604199+00:00
1582298,APPLE CTO MBA13 Z1,1385.99,2025-04-30 08:28:31.604199+00:00
648463,cardigan,18.27,2025-04-30 08:28:31.604199+00:00
15711,FRODDO-Barfußschuh,78.98,2025-04-30 08:28:31.604199+00:00
662278,Tank-Top VICAVA,12.58,2025-04-30 08:28:31.604199+00:00
733450,Gardinenstange,171.96,2025-04-30 08:28:31.604199+00:00
1837824,"PE,Rec.li",1026.11,2025-04-30 08:28:31.604199+00:00
486258,Frischaltebox,25.71,2025-04-30 08:28:31.604199+00:00
773677,Einbaukühlschrank,474.64,2025-04-30 08:28:31.604199+00:00
1781395,Spielhaus Panorama,281.9,2025-04-30 08:28:31.604199+00:00
46609,Wandbild,49.49,2025-04-30 08:28:31.604199+00:00
413495,CAMPUS 00s J,74.91,2025-04-30 08:28:31.604199+00:00
1418268,Wandbild,24.07,2025-04-30 08:28:31.604199+00:00
731967,IRISCan Executive ,131.5,2025-04-30 08:28:31.604199+00:00
1599941,VMBETA METTE SS TO,17.51,2025-04-30 08:28:31.604199+00:00
1392681,D Laufshorts,25.72,2025-04-30 08:28:31.604199+00:00
951372,Windbreaker TJW ES,92.13,2025-04-30 08:28:31.604199+00:00
625821,Set: RSe S CR + Ho,1902.7,2025-04-30 08:28:31.604199+00:00
207399,LIGHT PADDED DEMI ,17.51,2025-04-30 08:28:31.604199+00:00
1215551,Faltlifthängeschra,304.51,2025-04-30 08:28:31.604199+00:00
1624200,Sweatshirt,69.17,2025-04-30 08:28:31.604199+00:00
1899780,Fototapete 225150,108.24,2025-04-30 08:28:31.604199+00:00
790774,Bügel Bikini D,65.89,2025-04-30 08:28:31.604199+00:00
1696695,"BOX,180/200",1880.78,2025-04-30 08:28:31.604199+00:00
840291,Top ONLCHIARA,25.71,2025-04-30 08:28:31.604199+00:00
1514749,Langarmshirt IONE ,28.49,2025-04-30 08:28:31.604199+00:00
315937,H Fleecejacke,58.51,2025-04-30 08:28:31.604199+00:00
599099,"Beistelltisch,60",50.31,2025-04-30 08:28:31.604199+00:00
909685,Wollteppich 170/24,511.49,2025-04-30 08:28:31.604199+00:00
336382,Zehentrenner,24.07,2025-04-30 08:28:31.604199+00:00
1638208,BH C,33.91,2025-04-30 08:28:31.604199+00:00
1801684,Puppen-Zwillingswa,59.14,2025-04-30 08:28:31.604199+00:00
595326,Sessel,269.66,2025-04-30 08:28:31.604199+00:00
1156614,CookKing Grillrost,75.75,2025-04-30 08:28:31.604199+00:00
136476,"ECK,mega-RECli",1682.11,2025-04-30 08:28:31.604199+00:00
1901018,Bewegungssensor,25.71,2025-04-30 08:28:31.604199+00:00
1770390,GABOR-Slipper,66.46,2025-04-30 08:28:31.604199+00:00
916048,Fototapete 163323,54.96,2025-04-30 08:28:31.604199+00:00
620697,Inimitable Intense,33.91,2025-04-30 08:28:31.604199+00:00
1535877,KOGFAVE L/S ZIP HO,19.97,2025-04-30 08:28:31.604199+00:00
324267,Küchenzeile 270 OG,1042.51,2025-04-30 08:28:31.604199+00:00
1879053,Ultraflex Jeans,47.85,2025-04-30 08:28:31.604199+00:00
629552,Gelenkarmmarkise,1968.3,2025-04-30 08:28:31.604199+00:00
591735,ST Runner v4 L,50.31,2025-04-30 08:28:31.604199+00:00
728938,Baumwollhose ORNEL,83.11,2025-04-30 08:28:31.604199+00:00
1801686,Sandkasten,123.3,2025-04-30 08:28:31.604199+00:00
682161,46-6-6-81/1 Kuba,99.52,2025-04-30 08:28:31.604199+00:00
700862,REFUGIO TEXAPORE M,87.21,2025-04-30 08:28:31.604199+00:00
580726,Sakko CIDATI,140.51,2025-04-30 08:28:31.604199+00:00
388862,TOS Stripe Mix FP ,33.91,2025-04-30 08:28:31.604199+00:00
1162995,SU-HOODED CLASSIC ,66.71,2025-04-30 08:28:31.604199+00:00
1223589,Wandbild,21.61,2025-04-30 08:28:31.604199+00:00
567495,Jeans CALIFORNIA,74.91,2025-04-30 08:28:31.604199+00:00
517634,Deckenleuchte,113.07,2025-04-30 08:28:31.604199+00:00
1270840,Geschirrtücher,26.95,2025-04-30 08:28:31.604199+00:00
369858,Loungesessel,1302.48,2025-04-30 08:28:31.604199+00:00
1724180,U UV-Schutz Shirt ,17.51,2025-04-30 08:28:31.604199+00:00
622490,MW T-Shirt Frontpr,11.77,2025-04-30 08:28:31.604199+00:00
991991,GiethoornStuhl,120.01,2025-04-30 08:28:31.604199+00:00
496407,Bettwäsche 2tlg.,50.3,2025-04-30 08:28:31.604199+00:00
1055087,VeloursgürtelTB000,15.31,2025-04-30 08:28:31.604199+00:00
688808,Teppich 200/300,778.09,2025-04-30 08:28:31.604199+00:00
1528608,ANTARES 7801500039,393.42,2025-04-30 08:28:31.604199+00:00
600351,Kette,3335.31,2025-04-30 08:28:31.604199+00:00
1569159,Knu Skool,70.81,2025-04-30 08:28:31.604199+00:00
363703,CS 2PK MEDIUM DRAW,70.81,2025-04-30 08:28:31.604199+00:00
106323,Alu-Dibond-Druck 3,21.61,2025-04-30 08:28:31.604199+00:00
872410,DLMH T-shirt,15.87,2025-04-30 08:28:31.604199+00:00
1538259,TAMARIS-Slip-On Sn,58.48,2025-04-30 08:28:31.604199+00:00
768170,WALDLÄUFER-Winters,124.12,2025-04-30 08:28:31.604199+00:00
1869238,Ring,115.44,2025-04-30 08:28:31.604199+00:00
167681,CK TRIANGLE-RP,36.37,2025-04-30 08:28:31.604199+00:00
1192578,Skechers-Lauflerns,33.88,2025-04-30 08:28:31.604199+00:00
76018,Enzin SL V2,83.15,2025-04-30 08:28:31.604199+00:00
1430398,Badetuch 1tlg.,46.21,2025-04-30 08:28:31.604199+00:00
1208409,JPRSOLAR TROUSER N,29.81,2025-04-30 08:28:31.604199+00:00
554001,MUSTANG-Sneaker,58.48,2025-04-30 08:28:31.604199+00:00
1917539,PLISSEE NACH MAß,39.82,2025-04-30 08:28:31.604199+00:00
819436,LAS Nat Summer Sha,24.89,2025-04-30 08:28:31.604199+00:00
214222,"PB,160/200",751.82,2025-04-30 08:28:31.604199+00:00
1898923,Fototapete 223011,108.24,2025-04-30 08:28:31.604199+00:00
1061079,Teppich 120x170,25.71,2025-04-30 08:28:31.604199+00:00
1256557,Spannbettlaken 1tl,53.56,2025-04-30 08:28:31.604199+00:00
1045355,OZWEEGO J,70.81,2025-04-30 08:28:31.604199+00:00
1576400,RSe L LegComf Bat,2911.3,2025-04-30 08:28:31.604199+00:00
622188,ToscaGelb80Strohkn,43.75,2025-04-30 08:28:31.604199+00:00
1271431,"ECK,OTTli/re",598.68,2025-04-30 08:28:31.604199+00:00
1249580,Polsterbett,731.99,2025-04-30 08:28:31.604199+00:00
61761,Ultimate Gaming I7,3135.27,2025-04-30 08:28:31.604199+00:00
857003,Hocker,263.15,2025-04-30 08:28:31.604199+00:00
490586,Füllkissen,21.61,2025-04-30 08:28:31.604199+00:00
720507,Fototapete 211573,84.37,2025-04-30 08:28:31.604199+00:00
1501957,Babyschlafsack,25.66,2025-04-30 08:28:31.604199+00:00
1850694,ASTRORIDE TRAIL GT,74.09,2025-04-30 08:28:31.604199+00:00
589180,Ring,285.09,2025-04-30 08:28:31.604199+00:00
1142866,JPSTKANE CHARGE SW,15.87,2025-04-30 08:28:31.604199+00:00
656427,TERREX AX4 MID BET,124.11,2025-04-30 08:28:31.604199+00:00
632592,Wandbild,28.99,2025-04-30 08:28:31.604199+00:00
1814639,Wandbild,38.83,2025-04-30 08:28:31.604199+00:00
1050860,Teppich,324.19,2025-04-30 08:28:31.604199+00:00
1732882,CARVICA LIFE SS TO,16.69,2025-04-30 08:28:31.604199+00:00
543335,TT MB Denim Long,19.15,2025-04-30 08:28:31.604199+00:00
1423084,Küchenrückwand,167.53,2025-04-30 08:28:31.604199+00:00
534367,VORHANG,134.94,2025-04-30 08:28:31.604199+00:00
404026,LANH011NA LANGKAWI,125.76,2025-04-30 08:28:31.604199+00:00
131959,Fototapete 233797,24.74,2025-04-30 08:28:31.604199+00:00
36681,Teppich 250/300,707.95,2025-04-30 08:28:31.604199+00:00
432910,PLISSEE,39.65,2025-04-30 08:28:31.604199+00:00
1513339,Bluse Polly,53.59,2025-04-30 08:28:31.604199+00:00
1882510,Bolero,25.71,2025-04-30 08:28:31.604199+00:00
1340406,Kleid SH V DR Lu44,21.61,2025-04-30 08:28:31.604199+00:00
374963,Carport Wallgau,4392.32,2025-04-30 08:28:31.604199+00:00
1214296,Sessel,820.72,2025-04-30 08:28:31.604199+00:00
1823434,Gästehandtücher 10,16.86,2025-04-30 08:28:31.604199+00:00
1821452,T-Shirt NMMATHILDE,11.77,2025-04-30 08:28:31.604199+00:00
1479457,Teppich Rund,10.3,2025-04-30 08:28:31.604199+00:00
185680,The Joker,13.81,2025-04-30 08:28:31.604199+00:00
254481,JJELEGACY BLOCKING,12.59,2025-04-30 08:28:31.604199+00:00
306334,Ring,320.92,2025-04-30 08:28:31.604199+00:00
16235,Drehtürenschrank,230.71,2025-04-30 08:28:31.604199+00:00
981892,Teppich,74.59,2025-04-30 08:28:31.604199+00:00
394546,Apothekerschrank,226.61,2025-04-30 08:28:31.604199+00:00
419980,Schwebetürenschran,629.22,2025-04-30 08:28:31.604199+00:00
755576,Hose LOGO TAPE SHO,56.87,2025-04-30 08:28:31.604199+00:00
989895,FERTIGDEKO,47.7,2025-04-30 08:28:31.604199+00:00
144568,AllesKönnerKiste B,13.46,2025-04-30 08:28:31.604199+00:00
1475563,Winterreifen,306.16,2025-04-30 08:28:31.604199+00:00
244093,Wandbild,22.77,2025-04-30 08:28:31.604199+00:00
1502298,Kinderrucksack Rac,41.3,2025-04-30 08:28:31.604199+00:00
1037256,Gürtel 351143-0032,29.78,2025-04-30 08:28:31.604199+00:00
217838,LIGHTSTRIDE,67.53,2025-04-30 08:28:31.604199+00:00
637460,"ECK,lgSCHre",1167.28,2025-04-30 08:28:31.604199+00:00
1023772,SPRINGROLLO,42.45,2025-04-30 08:28:31.604199+00:00
765501,BH A,19.97,2025-04-30 08:28:31.604199+00:00
993589,Highend Gaming I89,2028.79,2025-04-30 08:28:31.604199+00:00
440617,Wandbild,62.61,2025-04-30 08:28:31.604199+00:00
1861586,Schwebetürenschran,878.51,2025-04-30 08:28:31.604199+00:00
300037,HIS Slip 10x,21.61,2025-04-30 08:28:31.604199+00:00
617940,"ECK,RECre,",1969.11,2025-04-30 08:28:31.604199+00:00
228167,KOGCARMEN SHORTS W,19.97,2025-04-30 08:28:31.604199+00:00
742289,COURTBLOCK,50.31,2025-04-30 08:28:31.604199+00:00
295689,Sessel,603.45,2025-04-30 08:28:31.604199+00:00
574719,BL Sandwich-Steppj,107.71,2025-04-30 08:28:31.604199+00:00
381822,Sideboard,189.71,2025-04-30 08:28:31.604199+00:00
1906348,MUSTANG-Schnürboot,50.28,2025-04-30 08:28:31.604199+00:00
768445,JDYELANORA L/S COW,33.91,2025-04-30 08:28:31.604199+00:00
1532881,"PE Rec li,KV,RLX",1641.11,2025-04-30 08:28:31.604199+00:00
1844301,Kimono,42.11,2025-04-30 08:28:31.604199+00:00
1599031,T-Shirt,20.79,2025-04-30 08:28:31.604199+00:00
94775,Esszimmerstuhl,102.43,2025-04-30 08:28:31.604199+00:00
360522,IPANEMA CLAS BRASI,21.61,2025-04-30 08:28:31.604199+00:00
1679229,Lascana Sexy short,17.51,2025-04-30 08:28:31.604199+00:00
1557392,NOS Jersey Roundne,17.1,2025-04-30 08:28:31.604199+00:00
973068,Langarmhemd,40.55,2025-04-30 08:28:31.604199+00:00
135600,Stativ LED Strahle,98.7,2025-04-30 08:28:31.604199+00:00
496844,Dachfensterplissee,43.76,2025-04-30 08:28:31.604199+00:00
189613,Langarmhemd,50.28,2025-04-30 08:28:31.604199+00:00
1822253,F50 CLUB FxG,44.57,2025-04-30 08:28:31.604199+00:00
1132456,"BOX,140/200",872.5,2025-04-30 08:28:31.604199+00:00
1297443,VD Cosy Dreams Pan,23.25,2025-04-30 08:28:31.604199+00:00
129227,CR VOL. MATTE 187,13.2,2025-04-30 08:28:31.604199+00:00
1012479,Waschtisch-Set,804.71,2025-04-30 08:28:31.604199+00:00
1614318,Wandbild,57.69,2025-04-30 08:28:31.604199+00:00
279602,Trauring,630.68,2025-04-30 08:28:31.604199+00:00
594780,Schalen-Set,30.64,2025-04-30 08:28:31.604199+00:00
590786,WALDLÄUFER-Sandale,91.32,2025-04-30 08:28:31.604199+00:00
372246,Badetuch 1tlg.,24.06,2025-04-30 08:28:31.604199+00:00
784152,BH E,37.19,2025-04-30 08:28:31.604199+00:00
887758,Ring,104.44,2025-04-30 08:28:31.604199+00:00
684958,"ECK,OTTli",1460.71,2025-04-30 08:28:31.604199+00:00
281827,ALU-JALOUSIE,34.73,2025-04-30 08:28:31.604199+00:00
1114840,LED-Leuchtmittel,19.94,2025-04-30 08:28:31.604199+00:00
1931818,RM T-Shirt,50.31,2025-04-30 08:28:31.604199+00:00
1910118,COPA GLORO ST IN,68.35,2025-04-30 08:28:31.604199+00:00
218923,H T-Shirt,22.43,2025-04-30 08:28:31.604199+00:00
57593,Kette,28.15,2025-04-30 08:28:31.604199+00:00
1172687,NOS KJB Jeans Bett,82.29,2025-04-30 08:28:31.604199+00:00
18264,RUNFALCON 5,41.29,2025-04-30 08:28:31.604199+00:00
114012,Zangen Satz Top-Qu,38.01,2025-04-30 08:28:31.604199+00:00
1159382,PAUL GREEN-Slip-On,86.68,2025-04-30 08:28:31.604199+00:00
751016,JJECORP LOGO TEE S,12.59,2025-04-30 08:28:31.604199+00:00
174626,Outdoorpool Set DI,3773.11,2025-04-30 08:28:31.604199+00:00
858943,KOGJUICY WIDE LEG ,28.17,2025-04-30 08:28:31.604199+00:00
1185277,Wandbild,38.83,2025-04-30 08:28:31.604199+00:00
1216620,Bügel-Bandeau-Biki,59.33,2025-04-30 08:28:31.604199+00:00
1390687,"ECK,lgSCHre,FKT,",1253.02,2025-04-30 08:28:31.604199+00:00
1471554,PE VZS Rec li,1378.71,2025-04-30 08:28:31.604199+00:00
424552,Jeans Classic Shor,66.68,2025-04-30 08:28:31.604199+00:00
1903705,Jazzpant 5x,19.97,2025-04-30 08:28:31.604199+00:00
691584,BH,28.17,2025-04-30 08:28:31.604199+00:00
1715438,SCHLEUDERSCHIENE,69.81,2025-04-30 08:28:31.604199+00:00
1950643,VMLEA LS V-NECK CU,21.61,2025-04-30 08:28:31.604199+00:00
371803,VORHANG NACH MAß,31.95,2025-04-30 08:28:31.604199+00:00
370127,Bettwäsche 2tlg.,74.9,2025-04-30 08:28:31.604199+00:00
1449475,Grindschuhe,72.45,2025-04-30 08:28:31.604199+00:00
839606,Las M&M flower&str,43.75,2025-04-30 08:28:31.604199+00:00
761752,ENERGEN LUX,42.11,2025-04-30 08:28:31.604199+00:00
1116330,Set: RSe S CB + Ho,3034.3,2025-04-30 08:28:31.604199+00:00
499033,Weinregal,79.84,2025-04-30 08:28:31.604199+00:00
834825,Küchenrückwand,192.17,2025-04-30 08:28:31.604199+00:00
1923375,ONLY JEANS,23.25,2025-04-30 08:28:31.604199+00:00
789819,RIEKER-Spangenschu,54.38,2025-04-30 08:28:31.604199+00:00
1820964,Panty,17.51,2025-04-30 08:28:31.604199+00:00
1375079,ARA-Sneaker,103.58,2025-04-30 08:28:31.604199+00:00
176215,Badspiegel,58.51,2025-04-30 08:28:31.604199+00:00
1860550,Freischwinger,302.98,2025-04-30 08:28:31.604199+00:00
91269,GARDINE,38.51,2025-04-30 08:28:31.604199+00:00
1065705,RSe L CB,3280.3,2025-04-30 08:28:31.604199+00:00
564383,LVB 551Z AUTHENTIC,40.47,2025-04-30 08:28:31.604199+00:00
1944058,Badematte Eckig,51.95,2025-04-30 08:28:31.604199+00:00
683911,"Aktenschrank,104,6",181.26,2025-04-30 08:28:31.604199+00:00
1137657,"4-Fußstuhl, 4 Stüc",53.01,2025-04-30 08:28:31.604199+00:00
755068,T-Shirt TJM REG BA,28.99,2025-04-30 08:28:31.604199+00:00
816032,59410-10CC Uptown,516.38,2025-04-30 08:28:31.604199+00:00
808921,CYROX VENT LOW W,100.33,2025-04-30 08:28:31.604199+00:00
878410,3 tlg.St-Wc Set,47.85,2025-04-30 08:28:31.604199+00:00
1781980,Skechers-Sneaker,18.73,2025-04-30 08:28:31.604199+00:00
1419672,Wandbild,165.11,2025-04-30 08:28:31.604199+00:00
1950829,"Sweatshirt, SC-BAN",22.22,2025-04-30 08:28:31.604199+00:00
153298,"PB,160/200",957.72,2025-04-30 08:28:31.604199+00:00
1203000,Badeanzug D,65.89,2025-04-30 08:28:31.604199+00:00
308782,"Breite200cm,H236cm",736.47,2025-04-30 08:28:31.604199+00:00
978299,Hemd,45.0,2025-04-30 08:28:31.604199+00:00
1545787,KNX KNIT LACE,87.21,2025-04-30 08:28:31.604199+00:00
1719703,ONSCERES CREW NECK,19.15,2025-04-30 08:28:31.604199+00:00
176100,Jeans DREAM,77.37,2025-04-30 08:28:31.604199+00:00
1638287,Bügel-Bandeau-Top ,53.59,2025-04-30 08:28:31.604199+00:00
1403557,VMKERRY 2/4 O-NECK,14.23,2025-04-30 08:28:31.604199+00:00
102875,HARLEM TC K,33.91,2025-04-30 08:28:31.604199+00:00
557091,PC-Denim PC-Lyon,57.69,2025-04-30 08:28:31.604199+00:00
328475,Fototapete 163822,50.69,2025-04-30 08:28:31.604199+00:00
434507,Küchenzeile,1140.91,2025-04-30 08:28:31.604199+00:00
812510,NOS Style New York,42.11,2025-04-30 08:28:31.604199+00:00
79381,PanzerGlass Google,15.9,2025-04-30 08:28:31.604199+00:00
1212280,323517,174.31,2025-04-30 08:28:31.604199+00:00
449398,LV Gürtel LEATHER ,44.57,2025-04-30 08:28:31.604199+00:00
1266521,Sneaker,42.11,2025-04-30 08:28:31.604199+00:00
437646,Wandbild,19.97,2025-04-30 08:28:31.604199+00:00
1123576,VORHANG,64.75,2025-04-30 08:28:31.604199+00:00
1619913,Bügelloser BH,24.07,2025-04-30 08:28:31.604199+00:00
585699,JJESUMMER BAND LIN,18.65,2025-04-30 08:28:31.604199+00:00
231252,Trauring,383.92,2025-04-30 08:28:31.604199+00:00
1633534,D Fleecejacke,28.17,2025-04-30 08:28:31.604199+00:00
1024776,Wandbild,74.91,2025-04-30 08:28:31.604199+00:00
1624387,SU-EMBOSSED VL REL,29.81,2025-04-30 08:28:31.604199+00:00
1808341,Winkelküche,1294.47,2025-04-30 08:28:31.604199+00:00
1257039,Tannengirlande,14.24,2025-04-30 08:28:31.604199+00:00
1861203,"BOX,90/200",493.31,2025-04-30 08:28:31.604199+00:00
1054450,Sakko,189.71,2025-04-30 08:28:31.604199+00:00
1492541,Blusentop,30.63,2025-04-30 08:28:31.604199+00:00
1289726,Winterreifen,129.85,2025-04-30 08:28:31.604199+00:00
581642,GS Hose Core Regul,58.96,2025-04-30 08:28:31.604199+00:00
1304712,KLEMMFIX-ROLLO,16.86,2025-04-30 08:28:31.604199+00:00
858577,PME Jeans Legend N,66.71,2025-04-30 08:28:31.604199+00:00
80240,SZ-ROLLO LS,28.86,2025-04-30 08:28:31.604199+00:00
813539,PME Polo kurzarm,50.31,2025-04-30 08:28:31.604199+00:00
103379,JOSEF SEIBEL-Sanda,58.81,2025-04-30 08:28:31.604199+00:00
972533,T-Shirt HILFIGER C,35.55,2025-04-30 08:28:31.604199+00:00
397088,Pius Gabor-Sneaker,115.92,2025-04-30 08:28:31.604199+00:00
1897749,Fototapete 201325,54.67,2025-04-30 08:28:31.604199+00:00
804955,D T-Shirt,24.89,2025-04-30 08:28:31.604199+00:00
1253253,K Skihose,47.03,2025-04-30 08:28:31.604199+00:00
1828907,"ECK,RECre,",1352.75,2025-04-30 08:28:31.604199+00:00
221572,Puzzle Disney Grup,11.09,2025-04-30 08:28:31.604199+00:00
879656,"ECK,REC re",985.11,2025-04-30 08:28:31.604199+00:00
1574259,RUN 84,65.07,2025-04-30 08:28:31.604199+00:00
1062302,Armlehnstuhl,168.29,2025-04-30 08:28:31.604199+00:00
479785,Sommerreifen,208.57,2025-04-30 08:28:31.604199+00:00
163735,ONLBERIT LIFE L/S ,22.43,2025-04-30 08:28:31.604199+00:00
1201480,Tierfigur,66.72,2025-04-30 08:28:31.604199+00:00
400533,Wandbild,22.43,2025-04-30 08:28:31.604199+00:00
1787964,H Shorts,24.07,2025-04-30 08:28:31.604199+00:00
73426,Bett,222.51,2025-04-30 08:28:31.604199+00:00
1545503,LS987 Cupsole,58.51,2025-04-30 08:28:31.604199+00:00
128855,RAG Jacken LUNIS O,115.91,2025-04-30 08:28:31.604199+00:00
155752,Riga 7205151001X60,294.34,2025-04-30 08:28:31.604199+00:00
1572159,RIEKER-Plateausnea,50.28,2025-04-30 08:28:31.604199+00:00
1557498,Blusenshirt,66.68,2025-04-30 08:28:31.604199+00:00
1536405,Pullover LS A SK M,33.91,2025-04-30 08:28:31.604199+00:00
1378094,Vollledergürtel TB,24.89,2025-04-30 08:28:31.604199+00:00
544281,Fernglas hell,123.3,2025-04-30 08:28:31.604199+00:00
1509452,Polsterhocker,195.86,2025-04-30 08:28:31.604199+00:00
1450533,Funkwecker,28.35,2025-04-30 08:28:31.604199+00:00
300762,Troubadix mit Baum,46.01,2025-04-30 08:28:31.604199+00:00
42093,Boxspring 160 m.LE,1101.94,2025-04-30 08:28:31.604199+00:00
1658499,Cup C,33.91,2025-04-30 08:28:31.604199+00:00
1526374,D Trainingstights,41.29,2025-04-30 08:28:31.604199+00:00
308751,Polsterbett 180,934.89,2025-04-30 08:28:31.604199+00:00
1055367,REVOLUTION 6 (TD),28.99,2025-04-30 08:28:31.604199+00:00
350102,D Shorts,24.89,2025-04-30 08:28:31.604199+00:00
1331651,J Greyfield Sandal,47.85,2025-04-30 08:28:31.604199+00:00
100754,FERTIGDEKO,11.77,2025-04-30 08:28:31.604199+00:00
762620,ANISTON-Sling,33.91,2025-04-30 08:28:31.604199+00:00
1906043,REMONTE-Sneaker,60.94,2025-04-30 08:28:31.604199+00:00
507487,Kunstrasen Field 3,37.22,2025-04-30 08:28:31.604199+00:00
113036,Killington Chukka,107.71,2025-04-30 08:28:31.604199+00:00
988107,Wandbild,42.93,2025-04-30 08:28:31.604199+00:00
138689,Winterreifen,371.76,2025-04-30 08:28:31.604199+00:00
1857984,PLISSEE,68.08,2025-04-30 08:28:31.604199+00:00
528694,Set: RSe L CR + Ho,2507.34,2025-04-30 08:28:31.604199+00:00
1065822,RSe S SB,2706.3,2025-04-30 08:28:31.604199+00:00
1053818,JACJENS SOCK 5 PAC,10.95,2025-04-30 08:28:31.604199+00:00
310505,VORHANG,41.29,2025-04-30 08:28:31.604199+00:00
469981,CamelAvtive-Geldbö,47.03,2025-04-30 08:28:31.604199+00:00
975543,Sweatjacke ESSENTI,95.41,2025-04-30 08:28:31.604199+00:00
1453915,Läufer 80x350,55.65,2025-04-30 08:28:31.604199+00:00
49846,Küchenrückwand,165.1,2025-04-30 08:28:31.604199+00:00
866447,Frischhaltedosen,8.57,2025-04-30 08:28:31.604199+00:00
1138203,Gürtel4BrPSN40,50.28,2025-04-30 08:28:31.604199+00:00
629343,Teppich,83.78,2025-04-30 08:28:31.604199+00:00
1022957,STAN SMITH PG,70.81,2025-04-30 08:28:31.604199+00:00
206836,Sommerreifen,170.33,2025-04-30 08:28:31.604199+00:00
552103,Set: RSe M CB + Ho,2993.3,2025-04-30 08:28:31.604199+00:00
1126806,Gardinenstange,125.1,2025-04-30 08:28:31.604199+00:00
36169,Verdunklungs-Rollo,220.87,2025-04-30 08:28:31.604199+00:00
464191,PE Fkt.Ott.li,1395.11,2025-04-30 08:28:31.604199+00:00
1600458,NMFKAB SS TOP NOOS,11.77,2025-04-30 08:28:31.604199+00:00
71172,SEITENZUGROLLO,54.91,2025-04-30 08:28:31.604199+00:00
959871,Hosen DREAM CHIC,70.81,2025-04-30 08:28:31.604199+00:00
282283,Ecksofa,1927.65,2025-04-30 08:28:31.604199+00:00
338857,Shirt TJW SLIM CON,34.95,2025-04-30 08:28:31.604199+00:00
157913,Kaltschaummatratze,443.91,2025-04-30 08:28:31.604199+00:00
1494645,Fotoalbum Spiral-A,8.74,2025-04-30 08:28:31.604199+00:00
856349,WLS Fkt Ott.re,1298.92,2025-04-30 08:28:31.604199+00:00
1320755,4-Fußstuhl,80.18,2025-04-30 08:28:31.604199+00:00
977493,Jeans OLMBLUSH,36.37,2025-04-30 08:28:31.604199+00:00
589725,KISSENHÜLLE,17.51,2025-04-30 08:28:31.604199+00:00
317949,Bikini-Hose highwa,36.37,2025-04-30 08:28:31.604199+00:00
681379,Dekofigur,113.45,2025-04-30 08:28:31.604199+00:00
1949767,s.O. V-Pullover,33.09,2025-04-30 08:28:31.604199+00:00
1677958,BH Hemd D,44.57,2025-04-30 08:28:31.604199+00:00
1105012,Teppich 150/150,39.82,2025-04-30 08:28:31.604199+00:00
1583552,153462,21.54,2025-04-30 08:28:31.604199+00:00
1417392,Wandbild,60.16,2025-04-30 08:28:31.604199+00:00
1371568,Poloshirt MONOTYPE,54.67,2025-04-30 08:28:31.604199+00:00
1339180,CS Tennissock sing,21.62,2025-04-30 08:28:31.604199+00:00
1606505,"Lowboard,150",442.55,2025-04-30 08:28:31.604199+00:00
1919700,D Funktionsshorts ,30.63,2025-04-30 08:28:31.604199+00:00
1880488,22785 Fototapete,129.19,2025-04-30 08:28:31.604199+00:00
490747,TISCHSET,16.86,2025-04-30 08:28:31.604199+00:00
6688,Kissenbezug 2tlg.,14.21,2025-04-30 08:28:31.604199+00:00
1617569,Wandbild,62.61,2025-04-30 08:28:31.604199+00:00
957720,Hose,28.17,2025-04-30 08:28:31.604199+00:00
1457540,Trauring,506.26,2025-04-30 08:28:31.604199+00:00
1875097,GARDINENSTANGE,77.37,2025-04-30 08:28:31.604199+00:00
1308845,Fototapete 182060,75.25,2025-04-30 08:28:31.604199+00:00
574705,BL Jacke Down Free,124.11,2025-04-30 08:28:31.604199+00:00
1424068,D.O.N. ISSUE 6 TEA,99.51,2025-04-30 08:28:31.604199+00:00
439166,Wandbild,164.29,2025-04-30 08:28:31.604199+00:00
1591085,H Shorts,29.81,2025-04-30 08:28:31.604199+00:00
688124,Ring,34.99,2025-04-30 08:28:31.604199+00:00
273605,Blazer,36.92,2025-04-30 08:28:31.604199+00:00
281076,Gipsy Ledermantel,120.01,2025-04-30 08:28:31.604199+00:00
536213,GARDINE,130.35,2025-04-30 08:28:31.604199+00:00
1949869,MilaSZ LS Striped ,22.43,2025-04-30 08:28:31.604199+00:00
1188413,Schalenset,37.91,2025-04-30 08:28:31.604199+00:00
1465214,PLISSEE,66.56,2025-04-30 08:28:31.604199+00:00
678627,Spannbettlaken 1tl,37.98,2025-04-30 08:28:31.604199+00:00
1618873,Küchenrückwand,165.1,2025-04-30 08:28:31.604199+00:00
166988,Pullover CO CARDI ,82.29,2025-04-30 08:28:31.604199+00:00
510559,BFAlaskaSangriaBla,40.47,2025-04-30 08:28:31.604199+00:00
471528,My Figures: Horse ,15.04,2025-04-30 08:28:31.604199+00:00
780836,TTD Shirt Crewneck,12.59,2025-04-30 08:28:31.604199+00:00
1046893,M Kapuzensweatshir,32.27,2025-04-30 08:28:31.604199+00:00
128648,Style QR Pania,17.51,2025-04-30 08:28:31.604199+00:00
656195,ELIXIR TOUR,67.53,2025-04-30 08:28:31.604199+00:00
722082,Fototapete 225128,113.25,2025-04-30 08:28:31.604199+00:00
1281974,241208 Fototapete ,110.32,2025-04-30 08:28:31.604199+00:00
207211,Spannbettlaken 1tl,43.23,2025-04-30 08:28:31.604199+00:00
649014,Entsafter Fresher ,74.91,2025-04-30 08:28:31.604199+00:00
1795226,Bügel BH,47.03,2025-04-30 08:28:31.604199+00:00
218534,H Sporthose,38.01,2025-04-30 08:28:31.604199+00:00
1019642,Pullover with hood,42.11,2025-04-30 08:28:31.604199+00:00
1356925,THINK-Stiefelette,181.44,2025-04-30 08:28:31.604199+00:00
612661,Kids Trolltunga Hi,37.19,2025-04-30 08:28:31.604199+00:00
653835,CLIMB RX MID B PS ,25.71,2025-04-30 08:28:31.604199+00:00
1147887,Slip BLACK COMBINA,14.23,2025-04-30 08:28:31.604199+00:00
1560783,JOSEF SEIBEL-Slipp,30.77,2025-04-30 08:28:31.604199+00:00
1683925,Vliestapete Castel,147.97,2025-04-30 08:28:31.604199+00:00
1440109,Teppichboden 150x5,56.05,2025-04-30 08:28:31.604199+00:00
1936506,RP  TShirt,42.93,2025-04-30 08:28:31.604199+00:00
1866218,Laufgitter Moritz ,182.36,2025-04-30 08:28:31.604199+00:00
63432,ULTRA FLOW,74.91,2025-04-30 08:28:31.604199+00:00
1290285,Stahlblech-Briefka,78.58,2025-04-30 08:28:31.604199+00:00
479913,Sommerreifen,186.43,2025-04-30 08:28:31.604199+00:00
1887130,BH D,13.41,2025-04-30 08:28:31.604199+00:00
719509,Fototapete 232918,24.74,2025-04-30 08:28:31.604199+00:00
907733,Vliestapete 507041,17.52,2025-04-30 08:28:31.604199+00:00
1146202,Jeans WIDE LEG HW ,94.59,2025-04-30 08:28:31.604199+00:00
1152558,LS987 Cupsole,58.51,2025-04-30 08:28:31.604199+00:00
970127,COPA PURE III LEAG,57.69,2025-04-30 08:28:31.604199+00:00
1883647,TT Chinohose,31.41,2025-04-30 08:28:31.604199+00:00
880326,Backofenumbauschra,270.97,2025-04-30 08:28:31.604199+00:00
242761,Wandbild,92.95,2025-04-30 08:28:31.604199+00:00
324403,Badewannenstöpsel ,16.69,2025-04-30 08:28:31.604199+00:00
556696,Gardinenstange,31.95,2025-04-30 08:28:31.604199+00:00
592838,Läufer 90/150,66.7,2025-04-30 08:28:31.604199+00:00
1333882,ONLY JACKET,34.73,2025-04-30 08:28:31.604199+00:00
492494,VORHANG,13.39,2025-04-30 08:28:31.604199+00:00
1154766,Sony E PZ 16 Schwa,243.4,2025-04-30 08:28:31.604199+00:00
